,DHSID,DHSCC_hhm,DHSYEAR_hhm,DHSCLUST,URBAN_RURA,LATNUM,LONGNUM,ALT_GPS,ALT_DEM,DATUM,geometry,cluster_shch,total_count_shch,treat_src_yes,residence_urban_shchhh,residence_rural,alive_yes,fever_rec_only treated nets,cluster_hh,total_count_hh,net_use_yes,nets_sum,hh_size_mean,hh_size_sum,cluster,total_count,residence_urban_hhm,net_used_yes,region_mode,net_owned_only treated (itn) nets,net_owned_did not sleep under a net,Pop2015,Prec_15,Arid_15,DLST_15,DTemp15,EVI_15,FD_15,ITN_15,LST_15,MI_15,MP_15,MaxTem15,Meante15,Mintem15,NLST15,PET_15,Rain15,Travel_Times_2015,U5pop15,UNpopc15,UNpop15,WD_15,GPS_Dataset,DHSCC_cov,DHSYEAR_cov,SurveyID,D_e,Global_HF,Gross_CP,GSL,Irr,Nightligh,Prox_PA,Prox_wa,Slope
121,KE201500000122,KE,2015.0,122.0,R,0.097049,34.325073,9999.0,1242.0,WGS84,POINT (34.325073 0.097049),122,11,4,0,11,11,11,122,30,29,62,3,102,122,102,0,84,nyanza,84,18,192642.0313,136.6750031,33.67761993,30.67555406,13.26666737,3871.777778,0.0,0.600346785,24.31700304,0.291313648,0.262389694,29.95833397,23.30000114,16.69166756,17.95845201,4.058333397,1920.9,25.79301075,95.71326643,155982.7969,487.2530662,16.04500008,KEGE7AFL,KE,2015,KE2015MIS,-9999,38.74393531,985.5549665,12,0.252339929,0.057811107,38859.61857,27448.80049,0.656445124
122,KE201500000123,KE,2015.0,123.0,R,0.09418,34.160814,9999.0,1219.0,WGS84,POINT (34.160814 0.09418),123,8,4,0,8,8,8,123,28,28,66,3,96,123,96,0,87,nyanza,87,9,112441.0859,136.6750031,33.67761993,30.44933167,13.26666737,3743.1,0.0,0.597016037,23.84791565,0.258271933,0.220282197,29.95833397,23.30000114,16.69166756,17.24649963,4.058333397,1830.0,43.6010929,57.17632378,93499.40625,307.6642342,16.04500008,KEGE7AFL,KE,2015,KE2015MIS,-9999,36.03287671,985.5549665,12,0.658676386,0.005127756,50755.12169,17279.51926,0.312031855
123,KE201500000124,KE,2015.0,124.0,R,0.027341,34.07409,9999.0,1172.0,WGS84,POINT (34.07409 0.027341),124,16,14,0,16,16,15,124,25,24,59,4,104,124,104,0,97,nyanza,97,7,73771.32813,136.6750031,33.67761993,28.3333313,13.26666737,3557.4,0.0,0.592217377,22.92333374,0.237985952,0.190371462,29.95833397,23.30000114,16.69166756,17.51333313,4.058333397,1526.555556,63.8027027,38.63366599,69633.07813,238.4261558,16.04500008,KEGE7AFL,KE,2015,KE2015MIS,-9999,31.71181556,1044.421945,12,0.577881336,0.004084777,54334.36073,8932.112308,0.427484956
124,KE201500000125,KE,2015.0,125.0,R,-0.167817,34.380882,9999.0,1186.0,WGS84,POINT (34.380882 -0.167817),125,13,11,0,13,13,13,125,26,26,65,3,103,125,103,0,89,nyanza,89,14,105546.0469,125.3666687,30.57723618,32.24380929,12.6916666,3216.142857,0.0,0.629793371,25.28147888,0.239728901,0.195317189,29.78333282,23.41666794,17.09166718,18.31914847,4.099999905,1451.666667,36.49609375,75.19844358,87800.21875,405.735815,16.19416618,KEGE7AFL,KE,2015,KE2015MIS,-9999,32.96062992,1122.911328,12,1.088001966,0.020560214,14126.8453,1121.829596,0.936589479
125,KE201500000126,KE,2015.0,126.0,U,0.057328,34.294138,9999.0,1322.0,WGS84,POINT (34.294138 0.057328),126,12,2,12,0,12,9,126,28,26,74,4,112,126,112,112,88,nyanza,88,20,21798.62109,136.6750031,33.67761993,31.09499931,13.26666737,3639.0,0.0,0.586365961,24.48250008,0.288961083,0.259891063,29.95833397,23.30000114,16.69166756,17.87000084,4.058333397,1887.0,20.92857143,293.8250558,10274.21289,852.7875279,16.04500008,KEGE7AFL,KE,2015,KE2015MIS,-9999,43.35714286,985.5549316,12,0.0,0.521042978,37360.66889,22039.37389,0.340716226
126,KE201500000127,KE,2015.0,127.0,U,-0.129567,34.253357,9999.0,1234.0,WGS84,POINT (34.253357 -0.129567),127,12,7,12,0,11,11,127,28,27,57,3,92,127,92,92,81,nyanza,81,11,3410.052734,125.3666687,30.57723618,33.07333374,12.6916666,3123.0,0.0,0.624430417,25.80166626,0.227099866,0.1796588,29.78333282,23.41666794,17.09166718,18.53000069,4.099999905,1469.0,36.13333333,36.47528546,4964.554688,384.6006836,16.19416618,KEGE7AFL,KE,2015,KE2015MIS,-9999,33.6,1122.911255,12,0.0,0.0,28914.63435,10073.0179,0.098079228
127,KE201500000128,KE,2015.0,128.0,R,-0.196044,34.827977,9999.0,1142.0,WGS84,POINT (34.827977 -0.196044),128,10,6,0,10,10,7,128,30,26,56,3,118,128,118,0,80,nyanza,80,37,119735.0547,-9999.0,-9999.0,31.96904864,-9999.0,2753.142857,-9999.0,0.589414048,24.84464373,0.351058245,0.346583438,-9999.0,-9999.0,-9999.0,17.72023773,-9999.0,1585.625,17.35315985,77.27485662,126376.4297,549.2523234,-9999.0,KEGE7AFL,KE,2015,KE2015MIS,-9999,34.79607843,1122.911222,13,1.223327041,0.10708015,12068.70328,3545.213994,0.097617472
128,KE201500000129,KE,2015.0,129.0,R,-0.138848,34.995867,9999.0,1185.0,WGS84,POINT (34.995867 -0.138848),129,14,8,0,14,14,11,129,29,29,70,4,129,129,129,0,111,nyanza,111,18,129526.6797,-9999.0,-9999.0,34.35444641,-9999.0,3361.5,-9999.0,0.554156223,26.40705872,0.34380562,0.330743517,-9999.0,-9999.0,-9999.0,18.45967102,-9999.0,1504.0,23.61538462,65.49778005,109321.1719,348.9990986,-9999.0,KEGE7AFL,KE,2015,KE2015MIS,4,34.51923077,1437.874023,13,2.016721249,0.055921284,27777.23661,22648.71775,0.69263475
129,KE201500000130,KE,2015.0,130.0,R,-0.350775,34.872324,9999.0,1446.0,WGS84,POINT (34.872324 -0.350775),130,18,9,0,18,17,12,130,27,26,70,6,165,130,168,0,128,nyanza,128,40,121271.2813,-9999.0,-9999.0,31.84388902,-9999.0,3308.444444,-9999.0,0.614096817,24.44722324,0.393318717,0.394655259,-9999.0,-9999.0,-9999.0,17.05055576,-9999.0,1678.777778,38.85970149,68.76930319,105118.4531,377.6381777,-9999.0,KEGE7AFL,KE,2015,KE2015MIS,-9999,35.31076923,1122.911283,13,0.236674279,0.02990998,28687.48763,5820.389608,2.009368805
130,KE201500000131,KE,2015.0,131.0,U,-0.083807,34.78486,9999.0,1165.0,WGS84,POINT (34.78486 -0.083807),131,9,4,9,0,9,9,131,27,25,55,3,98,131,100,100,90,nyanza,90,10,178201.1875,-9999.0,-9999.0,32.80166626,-9999.0,3697.0,-9999.0,0.428789326,24.96249962,0.300857812,0.280589104,-9999.0,-9999.0,-9999.0,17.12333298,-9999.0,1560.0,0.0,2257.208705,118122.5469,9150.8625,-9999.0,KEGE7AFL,KE,2015,KE2015MIS,-9999,84.06666667,1122.911255,13,1.911939025,4.361904856,5147.09076,5343.433884,0.869667308
131,KE201500000132,KE,2015.0,132.0,U,-0.070056,34.719837,9999.0,1195.0,WGS84,POINT (34.719837 -0.070056),132,14,8,14,0,12,9,132,29,27,66,3,109,132,116,116,90,nyanza,90,26,15754.70605,-9999.0,-9999.0,30.35499954,-9999.0,3896.0,-9999.0,0.574134401,23.54166603,0.303875625,0.285019904,-9999.0,-9999.0,-9999.0,16.72833252,-9999.0,1582.0,2.642857143,218.6651917,16010.77246,1328.93764,-9999.0,KEGE7AFL,KE,2015,KE2015MIS,-9999,50.5,1122.911255,13,0.0,1.732058426,5279.286341,2424.557041,2.248945781
132,KE201500000133,KE,2015.0,133.0,U,-0.088817,35.12702,9999.0,1257.0,WGS84,POINT (35.12702 -0.088817),133,11,7,11,0,11,9,133,29,29,54,2,76,133,76,76,65,nyanza,65,11,5633.954102,161.7083435,41.55246353,33.08000183,13.94999981,3377.0,0.0,0.515354873,25.21583366,0.31285727,0.291018873,27.30833435,20.30833435,13.35833359,17.3516674,3.891666651,1545.0,23.0,74.63169759,3986.552246,330.89488,17.0316658,KEGE7AFL,KE,2015,KE2015MIS,4,59.35714286,1752.83667,14,5.742972851,0.302988772,42326.0694,37576.64557,1.261160169
133,KE201500000134,KE,2015.0,134.0,R,-0.953952,34.148486,9999.0,1134.0,WGS84,POINT (34.148486 -0.953952),134,20,7,0,20,18,8,134,25,22,51,4,117,134,121,0,51,nyanza,51,54,65816.23438,123.1000061,32.11304474,32.85472107,12.90833378,2476.166667,0.0,0.651888573,25.3409729,0.22261827,0.169676065,28.91666603,22.44166756,16.00833321,17.82722219,3.833333492,1277.428571,45.375,58.98824304,52599.49219,310.5699101,17.13333321,KEGE7AFL,KE,2015,KE2015MIS,-9999,33.48648649,1149.006445,12,0.478864789,0.002813623,26313.0434,2435.318931,0.514151789
134,KE201500000135,KE,2015.0,135.0,R,-0.851113,34.427742,9999.0,1441.0,WGS84,POINT (34.427742 -0.851113),135,28,15,0,28,26,14,135,28,28,92,5,147,135,157,0,109,nyanza,109,40,102400.3438,123.1000061,32.11304474,31.08200073,12.90833378,3795.1,0.0,0.661967698,24.09103699,0.264094051,0.214730628,28.91666603,22.44166756,16.00833321,17.10007629,3.833333492,1553.3,53.0521978,59.05159238,95125.39063,303.7127833,17.13333321,KEGE7AFL,KE,2015,KE2015MIS,-9999,40.13186813,1122.911198,12,0.465907574,0.036976196,23780.40479,27401.21481,1.283342131
135,KE201500000136,KE,2015.0,136.0,R,-1.155044,34.410651,9999.0,1449.0,WGS84,POINT (34.410651 -1.155044),136,23,12,0,23,22,17,136,27,24,56,5,136,136,136,0,105,nyanza,105,31,94736.48438,120.6333389,31.33333397,30.47333374,12.5666666,3711.9,0.0,0.637103674,23.60953827,0.209748387,0.147771512,29.08333397,22.77499962,16.51666641,16.74574127,3.849999905,1451.909091,19.52043597,52.79053001,114019.0469,361.092345,16.0,KEGE7AFL,KE,2015,KE2015MIS,-9999,35.80653951,1209.895508,11,0.194144651,0.021554244,45478.65021,35159.44393,1.04555709
136,KE201500000137,KE,2015.0,137.0,U,-1.064152,34.445913,9999.0,1425.0,WGS84,POINT (34.445913 -1.064152),137,15,5,15,0,15,6,137,25,21,54,3,94,137,99,99,55,nyanza,55,35,15613.89063,120.6333389,31.33333397,30.44499969,12.5666666,3727.0,0.0,0.627401506,23.68833351,0.203548625,0.150951371,29.08333397,22.77499962,16.51666641,16.93166733,3.849999905,1457.0,4.5625,281.6993103,18367.36719,1334.201172,16.0,KEGE7AFL,KE,2015,KE2015MIS,-9999,43.0,1209.895508,11,0.776557326,0.189316161,44764.03648,35604.46907,0.716368198
137,KE201500000138,KE,2015.0,138.0,U,-0.894459,34.531942,9999.0,1474.0,WGS84,POINT (34.531942 -0.894459),138,4,3,4,0,4,4,138,30,29,77,3,116,138,122,122,56,nyanza,56,44,21260.30469,177.0083313,47.94807816,29.65833282,13.83333397,3715.0,0.0,0.63473347,22.77507591,0.234835953,0.1818818,27.20833397,20.25833321,13.375,15.89181805,3.691666842,1627.0,14.78571429,318.3931362,9259.503906,768.6565988,18.11583328,KEGE7AFL,KE,2015,KE2015MIS,-9999,43.6,1122.911255,14,0.517679691,0.556830609,33929.33401,39120.82818,1.488925661
138,KE201500000139,KE,2015.0,139.0,R,-0.773328,34.23827,9999.0,1373.0,WGS84,POINT (34.23827 -0.773328),139,14,6,0,14,13,10,139,26,26,75,4,110,139,118,0,86,nyanza,86,32,75123.16406,123.1000061,32.11304474,32.63030451,12.90833378,3097.909091,0.0,0.657848136,25.00393954,0.244785086,0.195871798,28.91666603,22.44166756,16.00833321,17.37757735,3.833333492,1492.1,63.30136986,42.79957459,68816.55469,219.1089041,17.13333321,KEGE7AFL,KE,2015,KE2015MIS,-9999,31.13736264,1122.911342,12,0.077648833,0.002878283,5345.621021,11072.70262,1.661154885
139,KE201500000140,KE,2015.0,140.0,R,-0.486328,34.369811,9999.0,1206.0,WGS84,POINT (34.369811 -0.486328),140,25,15,0,25,24,19,140,28,27,84,5,151,140,158,0,106,nyanza,106,46,27721.51758,125.3666687,30.57723618,33.21249771,12.6916666,3004.0,0.0,0.667973378,25.60416603,0.240148473,0.188135159,29.78333282,23.41666794,17.09166718,17.99583435,4.099999905,1347.0,50.91666667,41.80186879,28288.32031,292.991256,16.19416618,KEGE7AFL,KE,2015,KE2015MIS,-9999,35.58778626,1122.91123,12,0.776463747,0.00650128,11933.9423,1905.223747,2.569026138
140,KE201500000141,KE,2015.0,141.0,R,-0.419925,34.636084,9999.0,1212.0,WGS84,POINT (34.636084 -0.419925),141,11,6,0,11,10,6,141,28,28,92,4,123,141,124,0,97,nyanza,97,24,141124.2188,-9999.0,-9999.0,33.30249939,-9999.0,2882.8,-9999.0,0.653295495,25.76791687,0.333945377,0.307300159,-9999.0,-9999.0,-9999.0,18.23333282,-9999.0,1314.7,30.27920228,82.24672781,126177.6094,434.8547953,-9999.0,KEGE7AFL,KE,2015,KE2015MIS,-9999,33.59649123,1122.911283,13,0.129407605,0.02480308,25585.27066,7862.147169,1.022858275
141,KE201500000142,KE,2015.0,142.0,R,-0.505061,34.629608,9999.0,1319.0,WGS84,POINT (34.629608 -0.505061),142,16,6,0,16,13,9,142,27,26,78,4,119,142,122,0,85,nyanza,85,35,131333.7031,177.0083313,47.94807816,32.3848131,13.83333397,3552.444444,0.0,0.666390634,25.18925985,0.349181875,0.324119441,27.20833397,20.25833321,13.375,17.99370321,3.691666842,1551.7,29.66120219,71.46786657,123200.8281,391.1733265,18.11583328,KEGE7AFL,KE,2015,KE2015MIS,-9999,36.97547684,1122.911377,14,0.0,0.006159766,33814.10733,14236.84089,1.166803996
142,KE201500000143,KE,2015.0,143.0,U,-0.53428,34.440187,9999.0,1162.0,WGS84,POINT (34.440187 -0.53428),143,10,8,10,0,10,7,143,23,21,56,3,79,143,80,80,58,nyanza,58,11,20060.14258,123.1000061,32.11304474,-9999.0,12.90833378,-9999.0,0.0,-9999.0,-9999.0,-9999.0,-9999.0,28.91666603,22.44166756,16.00833321,-9999.0,3.833333492,-9999.0,34.38461538,307.6671549,13927.47266,1884.193197,17.13333321,KEGE7AFL,KE,2015,KE2015MIS,-9999,36.66666667,1122.911255,12,0.310585499,0.589351654,14564.26886,1395.191068,1.502974584
143,KE201500000144,KE,2015.0,144.0,U,-0.531246,34.177993,9999.0,1141.0,WGS84,POINT (34.177993 -0.531246),144,15,6,15,0,13,9,144,26,24,51,3,96,144,98,98,70,nyanza,70,17,5841.537109,123.1000061,32.11304474,29.02000046,12.90833378,749.0,0.0,0.642770289,23.80833244,0.185075149,0.131554276,28.91666603,22.44166756,16.00833321,18.59666634,3.833333492,1455.0,61.53333333,86.83922526,5280.133789,455.0797526,17.13333321,KEGE7AFL,KE,2015,KE2015MIS,-9999,32.61538462,1122.911255,12,0.465878189,0.094249701,6851.38092,2056.110936,3.714371236
144,KE201500000145,KE,2015.0,145.0,R,-0.563509,34.810097,9999.0,1592.0,WGS84,POINT (34.810097 -0.563509),145,16,7,0,16,16,10,145,30,15,26,4,131,145,134,0,57,nyanza,57,77,322065.5625,177.0083313,47.94807816,28.18466797,13.83333397,4096.4,0.0,0.642343568,21.81448364,0.370454825,0.364392941,27.20833397,20.25833321,13.375,15.44430237,3.691666842,2002.0,18.3197832,165.8881207,275919.3125,868.954607,18.11583328,KEGE7AFL,KE,2015,KE2015MIS,-9999,36.37940379,1122.911198,14,0.349411488,0.050708511,49047.3609,25405.01549,1.560908455
145,KE201500000146,KE,2015.0,146.0,R,-0.884014,34.810465,9999.0,1798.0,WGS84,POINT (34.810465 -0.884014),146,8,4,0,8,8,3,146,28,19,39,4,126,146,126,0,57,nyanza,57,69,308035.9375,177.0083313,47.94807816,27.47212081,13.83333397,4366.545455,0.0,0.614970686,20.46858215,0.183940887,0.139097818,27.20833397,20.25833321,13.375,13.46504073,3.691666842,1775.7,23.09863014,153.4621828,259389.3594,825.9049658,18.11583328,KEGE7AFL,KE,2015,KE2015MIS,-9999,38.4,1122.911283,14,0.058238976,0.060298946,44888.02588,56612.33642,1.05055333
146,KE201500000147,KE,2015.0,147.0,R,-0.76546,34.629237,9999.0,1779.0,WGS84,POINT (34.629237 -0.76546),147,16,1,0,16,15,9,147,28,21,44,4,112,147,112,0,71,nyanza,71,41,269310.125,177.0083313,47.94807816,29.26537069,13.83333397,4004.111111,0.0,0.641708066,22.76102702,0.28271335,0.241300758,27.20833397,20.25833321,13.375,16.25668335,3.691666842,1803.111111,21.64109589,145.1427333,235945.7813,751.2385274,18.11583328,KEGE7AFL,KE,2015,KE2015MIS,-9999,43.26849315,1122.911272,14,0.446484208,0.089399975,34129.73663,34078.10696,1.743076272
147,KE201500000148,KE,2015.0,148.0,U,-0.643486,34.759825,9999.0,1662.0,WGS84,POINT (34.759825 -0.643486),148,12,10,12,0,12,9,148,27,21,61,4,112,148,114,114,78,nyanza,78,36,21822.17578,177.0083313,47.94807816,27.79166603,13.83333397,4123.0,0.0,0.647941299,21.43250084,0.32602942,0.30370307,27.20833397,20.25833321,13.375,15.07333374,3.691666842,2059.0,1.285714286,273.724435,22098.85938,1834.380162,18.11583328,KEGE7AFL,KE,2015,KE2015MIS,-9999,58.35714286,1122.911255,14,0.155294999,0.257400238,46257.84326,33133.7125,2.698705401
148,KE201500000149,KE,2015.0,149.0,U,-0.81416,34.908996,9999.0,2011.0,WGS84,POINT (34.908996 -0.81416),149,11,2,11,0,11,8,149,28,16,33,3,96,149,99,99,47,nyanza,47,52,12851.08203,177.0083313,47.94807816,26.27666664,13.83333397,4231.0,0.0,0.609867593,17.81666756,0.220339224,0.178998157,27.20833397,20.25833321,13.375,9.356666565,3.691666842,1860.0,20.71428571,163.2628697,10092.22949,837.7655552,18.11583328,KEGE7AFL,KE,2015,KE2015MIS,-9999,38.85714286,1122.911255,14,0.854153514,0.030031548,49220.8361,55163.80295,2.470355443
149,KE201500000150,KE,2015.0,150.0,R,-0.707191,35.020759,9999.0,1951.0,WGS84,POINT (35.020759 -0.707191),150,10,1,0,10,9,5,150,28,20,57,3,92,150,92,0,56,nyanza,56,36,185985.1094,146.2916718,41.50118256,27.502221,14.44999981,4551.333333,0.0,0.608629997,18.85731337,0.244965002,0.209240213,26.15000153,18.89999962,11.70000076,10.21240743,3.525000095,1679.1,22.26027397,89.04102633,175771.8125,559.6400685,17.19583321,KEGE7AFL,KE,2015,KE2015MIS,4,36.26027397,1516.614746,14,0.698846976,0.06569431,59336.2771,48190.42781,1.782268702
150,KE201500000151,KE,2015.0,151.0,R,-0.555818,34.986905,9999.0,2050.0,WGS84,POINT (34.986905 -0.555818),151,13,3,0,13,13,7,151,26,14,37,3,99,151,102,0,44,nyanza,44,55,291596.9375,177.0083313,47.94807816,27.18866577,13.83333397,4409.0,0.0,0.60597955,19.09028015,0.317067051,0.298822594,27.20833397,20.25833321,13.375,10.99189377,3.691666842,1916.8,23.27322404,140.6821062,253081.9531,803.5644638,18.11583328,KEGE7AFL,KE,2015,KE2015MIS,4,31.77322404,1416.876563,14,0.135882869,0.086653206,54701.41301,31735.03285,2.138299494
151,KE201500000152,KE,2015.0,152.0,R,-0.643479,34.873955,9999.0,2042.0,WGS84,POINT (34.873955 -0.643479),152,2,1,0,2,2,2,152,19,13,26,3,61,152,63,0,30,nyanza,30,33,353429.4375,177.0083313,47.94807816,26.66450195,13.83333397,4395.5,0.0,0.630125943,19.77037048,0.307725042,0.285511941,27.20833397,20.25833321,13.375,12.87624207,3.691666842,2090.5,13.6361186,170.1658524,296870.8125,929.9101247,18.11583328,KEGE7AFL,KE,2015,KE2015MIS,-9999,38.38978495,1122.911272,14,0.44000566,0.042377178,58960.16707,36127.47495,1.105810859
152,KE201500000153,KE,2015.0,153.0,U,-0.60881,34.954111,9999.0,1992.0,WGS84,POINT (34.954111 -0.60881),153,8,2,8,0,8,5,153,30,18,34,3,108,153,108,108,47,nyanza,47,61,16986.92969,177.0083313,47.94807816,26.95000076,13.83333397,4471.0,0.0,0.616427916,17.87166595,0.314568818,0.295777857,27.20833397,20.25833321,13.375,8.793333054,3.691666842,2008.0,13.73333333,200.572998,13694.64453,1060.97181,18.11583328,KEGE7AFL,KE,2015,KE2015MIS,-9999,32.0,1122.911255,14,0.465885103,0.220611342,58333.35367,35214.78382,1.20305837
153,KE201500000154,KE,2015.0,154.0,U,-0.587678,34.940003,9999.0,2019.0,WGS84,POINT (34.940003 -0.587678),154,15,7,15,0,15,11,154,29,23,50,4,133,154,134,134,82,nyanza,82,52,17297.92578,177.0083313,47.94807816,26.38333321,13.83333397,4502.0,0.0,0.616427916,17.91666603,0.314568818,0.295777857,27.20833397,20.25833321,13.375,9.449999809,3.691666842,2062.0,13.21428571,199.9060669,15959.85059,1324.77846,18.11583328,KEGE7AFL,KE,2015,KE2015MIS,-9999,32.0,1122.911255,14,0.465885103,0.15855365,55567.51517,32456.40814,1.702598163
222,KE201500000224,KE,2015.0,224.0,R,0.448232,34.804635,9999.0,1555.0,WGS84,POINT (34.804635 0.448232),224,30,18,0,30,28,18,224,29,24,37,5,169,224,170,0,87,western,87,83,177734.25,169.4000092,40.65599823,29.40883484,14.52500057,4083.5,0.0,0.564289053,22.59491577,0.244944538,0.200611029,29.39166641,22.10000038,14.86666679,15.78099976,4.166666985,1962.583333,27.23770492,93.35476817,179275.4844,569.2109802,15.26916695,KEGE7AFL,KE,2015,KE2015MIS,-9999,33.98087432,985.5549479,13,0.0168092,0.140788918,60735.2683,59793.95415,0.644709686
223,KE201500000225,KE,2015.0,225.0,R,0.219739,34.806762,9999.0,1513.0,WGS84,POINT (34.806762 0.219739),225,13,11,0,13,13,6,225,27,14,23,4,128,225,129,0,49,western,49,80,316004.5625,169.4000092,40.65599823,28.32624817,14.52500057,4342.333333,0.0,0.552650591,22.09472148,0.256671429,0.217150084,29.39166641,22.10000038,14.86666679,15.86319478,4.166666985,2195.2,18.49865229,159.3996789,269350.875,843.6612197,15.26916695,KEGE7AFL,KE,2015,KE2015MIS,-9999,28.70540541,985.5549665,13,0.001050579,0.152431688,37119.65684,34964.95669,0.863388349
224,KE201500000226,KE,2015.0,226.0,R,0.619688,34.933961,9999.0,1733.0,WGS84,POINT (34.933961 0.619688),226,10,3,0,10,10,7,226,27,23,48,5,142,226,143,0,77,western,77,66,144218.9063,129.7916718,33.71212006,29.02133179,14.57500076,4063.0,0.0,0.553002625,21.82033386,0.197087129,0.150859706,27.47500038,20.17500114,12.89999962,14.61933289,3.849999905,1550.0,28.63072776,71.40864726,159649.4063,500.0801887,13.55416679,KEGE7AFL,KE,2015,KE2015MIS,1,36.59568733,990.1388021,10,0.021011431,0.033651767,46159.30697,81344.6859,1.818756844
225,KE201500000227,KE,2015.0,227.0,R,0.315329,34.529449,9999.0,1370.0,WGS84,POINT (34.529449 0.315329),227,17,8,0,17,16,11,227,30,27,43,5,165,227,165,0,84,western,84,81,251761.9219,169.4000092,40.65599823,30.11766663,14.52500057,3922.8,0.0,0.589677776,23.53639526,0.251739184,0.198917484,29.39166641,22.10000038,14.86666679,16.95512085,4.166666985,2150.0,21.29619565,132.1805709,240646.2656,759.9030231,15.26916695,KEGE7AFL,KE,2015,KE2015MIS,-9999,37.11684783,985.5549665,13,0.14708057,0.142156384,52844.69544,47929.96548,0.634829977
226,KE201500000228,KE,2015.0,228.0,R,0.142936,34.527798,9999.0,1447.0,WGS84,POINT (34.527798 0.142936),228,20,9,0,20,16,11,228,28,22,41,4,128,228,128,0,52,western,52,76,285732.5,169.4000092,40.65599823,29.64814589,14.52500057,4085.666667,0.0,0.599240061,23.37832472,0.303337224,0.264054887,29.39166641,22.10000038,14.86666679,17.10850186,4.166666985,2108.2,16.29863014,147.8708489,251341.8438,800.1909247,15.26916695,KEGE7AFL,KE,2015,KE2015MIS,-9999,32.59289617,985.5549665,13,0.064535782,0.041103142,37022.65851,30701.88976,0.457573209
227,KE201500000229,KE,2015.0,229.0,U,0.306694,34.758768,9999.0,1508.0,WGS84,POINT (34.758768 0.306694),229,11,2,11,0,11,9,229,24,20,30,3,86,229,88,88,48,western,48,40,27438.6543,169.4000092,40.65599823,29.08166695,14.52500057,4069.0,0.0,0.541907902,22.39765167,0.228173241,0.183849424,29.39166641,22.10000038,14.86666679,15.7136364,4.166666985,2094.0,1.714285714,402.5185547,27481.30273,2281.054269,15.26916695,KEGE7AFL,KE,2015,KE2015MIS,-9999,57.5,985.5549316,13,0.004202318,0.846762276,46126.89136,43708.27307,0.670531
228,KE201500000230,KE,2015.0,230.0,U,0.359015,34.486641,9999.0,1289.0,WGS84,POINT (34.486641 0.359015),230,8,5,8,0,7,6,230,25,20,41,3,87,230,87,87,55,western,55,32,18223.41797,136.6750031,33.67761993,30.31833267,13.26666737,3764.0,0.0,0.578600698,23.78833389,0.235544726,0.180960134,29.95833397,23.30000114,16.69166756,17.25833321,4.058333397,2099.0,15.66666667,255.6649475,12882.13672,997.9880208,16.04500008,KEGE7AFL,KE,2015,KE2015MIS,-9999,51.4,985.5549316,12,0.096652716,1.786911283,55428.8893,54144.74803,0.333531253
229,KE201500000231,KE,2015.0,231.0,R,0.039008,34.675231,9999.0,1560.0,WGS84,POINT (34.675231 0.039008),231,6,2,0,6,5,3,231,30,28,75,4,137,231,137,0,101,western,101,36,443612.375,169.4000092,40.65599823,29.04629517,14.52500057,4002.888889,0.0,0.58835285,22.94916619,0.303797518,0.280692714,29.39166641,22.10000038,14.86666679,16.85203722,4.166666985,2020.8,9.233062331,204.9662796,361950.4375,1139.837737,15.26916695,KEGE7AFL,KE,2015,KE2015MIS,-9999,39.81571816,1031.34043,13,0.0,0.114551264,18261.13908,14318.5517,1.439179211
230,KE201500000232,KE,2015.0,232.0,R,0.058688,34.62241,9999.0,1486.0,WGS84,POINT (34.62241 0.058688),232,8,3,0,8,8,7,232,28,24,59,3,110,232,110,0,89,western,89,21,402181.3125,169.4000092,40.65599823,29.22066345,14.52500057,4025.1,0.0,0.59472601,23.09941559,0.301979065,0.274165869,29.39166641,22.10000038,14.86666679,16.97816772,4.166666985,2068.5,7.693150685,192.7885755,337217.4688,1073.588014,15.26916695,KEGE7AFL,KE,2015,KE2015MIS,-9999,39.1260274,1013.026237,13,0.0,0.070996395,23162.17761,17729.70661,1.069375903
231,KE201500000233,KE,2015.0,233.0,R,0.117178,34.819749,9999.0,1696.0,WGS84,POINT (34.819749 0.117178),233,5,2,0,5,4,4,233,26,21,44,4,128,233,128,0,53,western,53,75,356364.5313,169.4000092,40.65599823,28.11083374,14.52500057,4367.7,0.0,0.553987304,21.93783264,0.262495484,0.227099419,29.39166641,22.10000038,14.86666679,15.76483307,4.166666985,2197.222222,21.65395095,169.8887943,296321.625,938.2494891,15.26916695,KEGE7AFL,KE,2015,KE2015MIS,-9999,29.32697548,985.5549316,13,0.636915028,0.079781417,26470.34194,24607.98942,1.211361087
232,KE201500000234,KE,2015.0,234.0,U,0.093727,34.69793,9999.0,1488.0,WGS84,POINT (34.69793 0.093727),234,7,5,7,0,7,5,234,27,26,62,3,104,234,104,104,86,western,86,18,22276.66211,169.4000092,40.65599823,28.76333427,14.52500057,4069.0,0.0,0.585931811,22.5625,0.292012274,0.265277475,29.39166641,22.10000038,14.86666679,16.36166573,4.166666985,2070.0,14.71428571,283.1039342,17985.4707,1492.844029,15.26916695,KEGE7AFL,KE,2015,KE2015MIS,-9999,37.0,985.5549316,13,0.0,0.047989474,23167.19778,20308.16656,0.861778396
233,KE201500000235,KE,2015.0,235.0,U,0.077629,34.730172,9999.0,1604.0,WGS84,POINT (34.730172 0.077629),235,16,5,16,0,15,14,235,29,26,61,3,101,235,101,101,83,western,83,15,26540.72656,169.4000092,40.65599823,28.58333397,14.52500057,4098.0,0.0,0.572461381,22.40333366,0.309133202,0.287069798,29.39166641,22.10000038,14.86666679,16.22333336,4.166666985,2123.0,13.0,317.8260091,20707.16016,1604.167969,15.26916695,KEGE7AFL,KE,2015,KE2015MIS,-9999,38.4,985.5549316,13,0.0,0.32238903,20844.80704,18293.76312,1.682927195
234,KE201500000236,KE,2015.0,236.0,R,0.678036,34.493308,9999.0,1416.0,WGS84,POINT (34.493308 0.678036),236,31,17,0,31,30,18,236,29,24,45,6,177,236,182,0,105,western,105,77,192680.3438,144.4166718,36.48421097,30.41629706,13.30000019,3914.555556,0.0,0.564019219,23.79777696,0.296568598,0.243632487,29.31666756,22.64999962,16.01666641,17.17926025,3.958333492,1981.5,16.98382749,103.6023545,194952.125,610.667158,15.18833256,KEGE7AFL,KE,2015,KE2015MIS,-9999,35.93243243,985.5549665,10,0.013657482,0.03006473,20761.86358,72113.02129,1.264835245
235,KE201500000237,KE,2015.0,237.0,R,0.635757,34.718724,9999.0,1511.0,WGS84,POINT (34.718724 0.635757),237,11,8,0,11,11,6,237,25,18,38,4,102,237,103,0,55,western,55,48,216711.5313,129.7916718,33.71212006,29.81259494,14.57500076,4007.111111,0.0,0.564001192,22.82481554,0.256355381,0.200729116,27.47500038,20.17500114,12.89999962,15.83703783,3.849999905,1807.7,21.32880435,116.3805052,213292.8281,673.7858356,13.55416679,KEGE7AFL,KE,2015,KE2015MIS,-9999,42.27247956,985.5549665,10,0.0210115,0.094568774,39429.58063,80021.54671,0.951685532
236,KE201500000238,KE,2015.0,238.0,R,0.731039,34.530624,9999.0,1542.0,WGS84,POINT (34.530624 0.731039),238,15,8,0,15,15,10,238,30,19,40,4,129,238,134,0,72,western,72,62,209907.75,129.7916718,33.71212006,29.88370429,14.57500076,3950.333333,0.0,0.560788561,23.1823154,0.271776358,0.218698152,27.47500038,20.17500114,12.89999962,16.48092651,3.849999905,1936.111111,19.20380435,111.8619119,207898.2813,656.5368122,13.55416679,KEGE7AFL,KE,2015,KE2015MIS,-9999,33.53405995,985.5549665,10,0.00466924,0.017161701,17225.81318,79042.72901,2.037504943
237,KE201500000239,KE,2015.0,239.0,R,0.940081,34.730376,9999.0,2327.0,WGS84,POINT (34.730376 0.940081),239,26,6,0,26,26,5,239,29,11,18,4,135,239,135,0,22,western,22,113,60692.01563,129.7916718,33.71212006,24.26000129,14.57500076,4499.0,0.0,0.538664277,17.23675876,0.170765758,0.121756151,27.47500038,20.17500114,12.89999962,10.21351878,3.849999905,1643.9,99.57260274,33.89357061,67541.46875,215.0574058,13.55416679,KEGE7AFL,KE,2015,KE2015MIS,-9999,21.51232877,985.5549479,10,0.009455225,0.000792403,7751.547312,94503.92155,3.386337824
238,KE201500000240,KE,2015.0,240.0,U,0.829679,34.756162,9999.0,1721.0,WGS84,POINT (34.756162 0.829679),240,20,8,20,0,20,6,240,28,14,27,5,153,240,153,153,45,western,45,108,8141.947754,129.7916718,33.71212006,29.5933342,14.57500076,3986.0,0.0,0.53888018,22.32250023,0.2580553,0.205083013,27.47500038,20.17500114,12.89999962,15.05166626,3.849999905,1399.0,18.0,116.3347656,7839.992188,650.8090123,13.55416679,KEGE7AFL,KE,2015,KE2015MIS,-9999,26.0,985.5549316,10,0.01260677,0.013898666,19989.18453,101478.264,1.598191534
239,KE201500000241,KE,2015.0,241.0,U,0.831406,34.726517,9999.0,1773.0,WGS84,POINT (34.726517 0.831406),241,19,4,19,0,17,10,241,30,16,36,5,159,241,160,160,69,western,69,91,9911.675781,129.7916718,33.71212006,29.09833336,14.57500076,4224.0,0.0,0.538432104,21.11499977,0.258130491,0.204879984,27.47500038,20.17500114,12.89999962,13.13166714,3.849999905,1534.0,14.64285714,123.4729004,9026.552734,749.3074777,13.55416679,KEGE7AFL,KE,2015,KE2015MIS,-9999,31.14285714,985.5549316,10,0.0,0.04232316,19738.78914,101641.2368,2.863462448
240,KE201500000242,KE,2015.0,242.0,R,0.579619,34.372331,9999.0,1212.0,WGS84,POINT (34.372331 0.579619),242,20,10,0,20,18,17,242,28,26,53,5,150,242,151,0,109,western,109,42,145869.625,144.4166718,36.48421097,30.8866645,13.30000019,3940.444444,0.0,0.575629657,24.3744439,0.299757703,0.245321433,29.31666756,22.64999962,16.01666641,17.86222331,3.958333492,2005.888889,17.17486339,78.16529324,154356.7188,490.1029286,15.18833256,KEGE7AFL,KE,2015,KE2015MIS,-9999,42.93715847,985.5549479,12,0.011556294,0.014783709,31722.31082,54799.48612,0.582987259
241,KE201500000243,KE,2015.0,243.0,R,0.616486,34.250503,9999.0,1152.0,WGS84,POINT (34.250503 0.616486),243,20,8,0,20,20,20,243,27,26,52,4,119,243,120,0,97,western,97,23,175260.3906,144.4166718,36.48421097,30.95486196,13.30000019,3899.833333,0.0,0.609440612,24.68378194,0.318508284,0.262223789,29.31666756,22.64999962,16.01666641,18.41270192,3.958333492,1991.8,13.95616438,94.46668199,166655.5625,530.6071062,15.18833256,KEGE7AFL,KE,2015,KE2015MIS,-9999,45.75890411,985.5549316,12,0.017859779,0.092619086,34069.55936,48168.95206,0.581353342
242,KE201500000244,KE,2015.0,244.0,R,0.54432,34.236645,9999.0,1234.0,WGS84,POINT (34.236645 0.54432),244,19,4,0,19,19,15,244,28,25,51,4,133,244,134,0,91,western,91,43,136807.7031,144.4166718,36.48421097,30.59766846,13.30000019,3948.5,0.0,0.579581533,24.43150024,0.313617298,0.260697671,29.31666756,22.64999962,16.01666641,18.26533356,3.958333492,2101.0,19.34059946,72.6353046,148818.1719,471.2266689,15.18833256,KEGE7AFL,KE,2015,KE2015MIS,-9999,42.39344262,985.5548968,12,0.022412305,0.014146209,41459.3712,41055.12272,0.387451671
243,KE201500000245,KE,2015.0,245.0,U,0.625001,34.28438,9999.0,1156.0,WGS84,POINT (34.28438 0.625001),245,8,4,8,0,7,6,245,26,23,45,3,83,245,84,84,74,western,74,10,20147.85156,144.4166718,36.48421097,31.24833298,13.30000019,3922.0,0.0,0.557000963,24.78833389,0.323961139,0.267322809,29.31666756,22.64999962,16.01666641,18.3283329,3.958333492,1902.0,4.5,206.7843366,18225.45313,1323.746704,15.18833256,KEGE7AFL,KE,2015,KE2015MIS,-9999,57.0625,985.5549316,12,0.054629881,0.670224091,31087.40073,51265.87189,0.372974247
244,KE201500000246,KE,2015.0,246.0,U,0.474045,34.136326,9999.0,1183.0,WGS84,POINT (34.136326 0.474045),246,17,6,17,0,17,13,246,29,26,57,5,165,246,165,165,92,western,92,72,15053.97852,136.6750031,33.67761993,31.55333328,13.26666737,4067.0,0.0,0.564753143,25.02750015,0.331049711,0.281574458,29.95833397,23.30000114,16.69166756,18.50166702,4.058333397,2052.0,9.266666667,189.1961426,12309.86719,953.6677083,16.04500008,KEGE7AFL,KE,2015,KE2015MIS,-9999,62.3125,985.5549316,12,0.396723509,0.039732158,54306.46693,27941.74478,0.265653006
