Site,Cluster,Plot,Depthcode,predSOC,Date,Latitude,Longitude,Altitude
Sichei,1.0,1.0,Topsoil,11.246,10-Mar-21,0.711449,34.6406,1544.81
Sichei,1.0,1.0,Subsoil,8.619,10-Mar-21,0.711449,34.6406,1544.81
Sichei,2.0,1.0,Topsoil,11.516,11-Mar-21,0.731318,34.6339,1552.42
Sichei,2.0,1.0,Subsoil,9.866,11-Mar-21,0.731318,34.6339,1552.42
Sichei,3.0,1.0,Topsoil,14.464,12-Mar-21,0.7687,34.6443,1611.33
Sichei,3.0,1.0,Subsoil,10.845,12-Mar-21,0.7687,34.6443,1611.33
Sichei,4.0,1.0,Topsoil,12.253,13-Mar-21,0.779649,34.6438,1633.68
Sichei,4.0,1.0,Subsoil,10.085,13-Mar-21,0.779649,34.6438,1633.68
Sichei,5.0,1.0,Topsoil,12.114,9-Mar-21,0.716055,34.6646,1520.44
Sichei,5.0,1.0,Subsoil,10.067,9-Mar-21,0.716055,34.6646,1520.44
Sichei,6.0,1.0,Topsoil,11.569,15-Mar-21,0.738002,34.6631,1513.17
Sichei,6.0,1.0,Subsoil,7.089,15-Mar-21,0.738002,34.6631,1513.17
Sichei,7.0,1.0,Topsoil,11.312,16-Mar-21,0.766329,34.6691,1615.02
Sichei,7.0,1.0,Subsoil,9.378,16-Mar-21,0.766329,34.6691,1615.02
Sichei,8.0,1.0,Topsoil,13.787,17-Mar-21,0.790325,34.6709,1635.53
Sichei,8.0,1.0,Subsoil,11.502,17-Mar-21,0.790325,34.6709,1635.53
Sichei,9.0,1.0,Topsoil,19.0,20-Mar-21,0.706483,34.6908,1476.82
Sichei,9.0,1.0,Subsoil,11.822,20-Mar-21,0.706483,34.6908,1476.82
Sichei,10.0,1.0,Topsoil,10.569,22-Mar-21,0.744982,34.6904,1557.9
Sichei,10.0,1.0,Subsoil,9.253,22-Mar-21,0.744982,34.6904,1557.9
Sichei,11.0,1.0,Topsoil,21.761,23-Mar-21,0.760221,34.685,1619.22
Sichei,11.0,1.0,Subsoil,17.53,23-Mar-21,0.760221,34.685,1619.22
Sichei,12.0,1.0,Topsoil,11.059,18-Mar-21,0.790925,34.6828,1650.85
Sichei,12.0,1.0,Subsoil,10.802,18-Mar-21,0.790925,34.6828,1650.85
Sichei,13.0,1.0,Topsoil,11.688,24-Mar-21,0.720269,34.7131,1599.59
Sichei,13.0,1.0,Subsoil,9.575,24-Mar-21,0.720269,34.7131,1599.59
Sichei,14.0,1.0,Topsoil,9.228,25-Mar-21,0.740598,34.7108,1572.17
Sichei,14.0,1.0,Subsoil,8.363,25-Mar-21,0.740598,34.7108,1572.17
Sichei,15.0,1.0,Topsoil,13.596,26-Mar-21,0.757119,34.7034,1628.59
Sichei,15.0,1.0,Subsoil,9.876,26-Mar-21,0.757119,34.7034,1628.59
Sichei,16.0,1.0,Topsoil,15.155,19-Mar-21,0.778559,34.712,1687.43
Sichei,16.0,1.0,Subsoil,14.74,19-Mar-21,0.778559,34.712,1687.43
Sichei,1.0,2.0,Topsoil,21.009,10-Mar-21,0.718934,34.6494,1529.63
Sichei,1.0,2.0,Subsoil,18.373,10-Mar-21,0.718934,34.6494,1529.63
Sichei,2.0,2.0,Topsoil,16.521,11-Mar-21,0.730546,34.6412,1552.52
Sichei,2.0,2.0,Subsoil,11.13,11-Mar-21,0.730546,34.6412,1552.52
Sichei,3.0,2.0,Topsoil,11.386,12-Mar-21,0.759915,34.6438,1577.59
Sichei,3.0,2.0,Subsoil,9.398,12-Mar-21,0.759915,34.6438,1577.59
Sichei,4.0,2.0,Topsoil,12.979,13-Mar-21,0.779855,34.6437,1635.14
Sichei,4.0,2.0,Subsoil,9.19,13-Mar-21,0.779855,34.6437,1635.14
Sichei,5.0,2.0,Topsoil,18.32,9-Mar-21,0.719691,34.6618,1514.26
Sichei,5.0,2.0,Subsoil,15.132,9-Mar-21,0.719691,34.6618,1514.26
Sichei,6.0,2.0,Topsoil,19.025,15-Mar-21,0.739887,34.6699,1542.36
Sichei,6.0,2.0,Subsoil,16.146,15-Mar-21,0.739887,34.6699,1542.36
Sichei,7.0,2.0,Topsoil,10.747,16-Mar-21,0.761025,34.6673,1590.66
Sichei,7.0,2.0,Subsoil,9.815,16-Mar-21,0.761025,34.6673,1590.66
Sichei,8.0,2.0,Topsoil,12.26,17-Mar-21,0.789192,34.6665,1624.52
Sichei,8.0,2.0,Subsoil,10.85,17-Mar-21,0.789192,34.6665,1624.52
Sichei,9.0,2.0,Topsoil,29.83,20-Mar-21,0.709774,34.6862,1477.2
Sichei,9.0,2.0,Subsoil,26.205,20-Mar-21,0.709774,34.6862,1477.2
Sichei,10.0,2.0,Topsoil,11.738,22-Mar-21,0.745768,34.688,1559.58
Sichei,10.0,2.0,Subsoil,9.73,22-Mar-21,0.745768,34.688,1559.58
Sichei,11.0,2.0,Topsoil,13.617,23-Mar-21,0.757684,34.6815,1614.56
Sichei,11.0,2.0,Subsoil,13.175,23-Mar-21,0.757684,34.6815,1614.56
Sichei,12.0,2.0,Topsoil,10.82,18-Mar-21,0.786665,34.6849,1644.22
Sichei,12.0,2.0,Subsoil,9.966,18-Mar-21,0.786665,34.6849,1644.22
Sichei,13.0,2.0,Topsoil,10.366,24-Mar-21,0.715648,34.7124,1609.36
Sichei,13.0,2.0,Subsoil,9.613,24-Mar-21,0.715648,34.7124,1609.36
Sichei,14.0,2.0,Topsoil,13.783,25-Mar-21,0.7411,34.706,1547.76
Sichei,14.0,2.0,Subsoil,10.207,25-Mar-21,0.7411,34.706,1547.76
Sichei,15.0,2.0,Topsoil,13.164,26-Mar-21,0.765083,34.7033,1633.72
Sichei,15.0,2.0,Subsoil,12.246,26-Mar-21,0.765083,34.7033,1633.72
Sichei,16.0,2.0,Topsoil,12.015,19-Mar-21,0.778879,34.7066,1654.03
Sichei,16.0,2.0,Subsoil,11.048,19-Mar-21,0.778879,34.7066,1654.03
Sichei,1.0,3.0,Topsoil,10.378,10-Mar-21,0.712898,34.6466,1525.13
Sichei,1.0,3.0,Subsoil,7.629,10-Mar-21,0.712898,34.6466,1525.13
Sichei,2.0,3.0,Topsoil,10.481,11-Mar-21,0.735799,34.636,1554.73
Sichei,2.0,3.0,Subsoil,9.441,11-Mar-21,0.735799,34.636,1554.73
Sichei,3.0,3.0,Topsoil,16.041,12-Mar-21,0.762386,34.6401,1577.66
Sichei,3.0,3.0,Subsoil,9.127,12-Mar-21,0.762386,34.6401,1577.66
Sichei,4.0,3.0,Topsoil,8.268,13-Mar-21,0.78206,34.6415,1643.66
Sichei,4.0,3.0,Subsoil,8.379,13-Mar-21,0.78206,34.6415,1643.66
Sichei,5.0,3.0,Topsoil,15.062,9-Mar-21,0.714219,34.6689,1506.83
Sichei,5.0,3.0,Subsoil,13.065,9-Mar-21,0.714219,34.6689,1506.83
Sichei,6.0,3.0,Topsoil,12.72,15-Mar-21,0.739726,34.663,1508.89
Sichei,6.0,3.0,Subsoil,16.255,15-Mar-21,0.739726,34.663,1508.89
Sichei,7.0,3.0,Topsoil,13.777,16-Mar-21,0.761869,34.6705,1610.09
Sichei,7.0,3.0,Subsoil,11.664,16-Mar-21,0.761869,34.6705,1610.09
Sichei,8.0,3.0,Topsoil,13.521,17-Mar-21,0.78832,34.6622,1614.33
Sichei,8.0,3.0,Subsoil,13.904,17-Mar-21,0.78832,34.6622,1614.33
Sichei,9.0,3.0,Topsoil,12.275,20-Mar-21,0.714521,34.6861,1489.97
Sichei,9.0,3.0,Subsoil,10.825,20-Mar-21,0.714521,34.6861,1489.97
Sichei,10.0,3.0,Topsoil,15.86,22-Mar-21,0.743463,34.688,1548.14
Sichei,10.0,3.0,Subsoil,10.753,22-Mar-21,0.743463,34.688,1548.14
Sichei,11.0,3.0,Topsoil,12.242,23-Mar-21,0.762577,34.6844,1621.67
Sichei,11.0,3.0,Subsoil,10.172,23-Mar-21,0.762577,34.6844,1621.67
Sichei,12.0,3.0,Topsoil,13.578,18-Mar-21,0.784889,34.6827,1620.35
Sichei,12.0,3.0,Subsoil,11.127,18-Mar-21,0.784889,34.6827,1620.35
Sichei,13.0,3.0,Topsoil,21.86,24-Mar-21,0.712246,34.7133,1607.3
Sichei,13.0,3.0,Subsoil,16.64,24-Mar-21,0.712246,34.7133,1607.3
Sichei,14.0,3.0,Topsoil,8.307,25-Mar-21,0.747185,34.7068,1577.84
Sichei,14.0,3.0,Subsoil,5.467,25-Mar-21,0.747185,34.7068,1577.84
Sichei,15.0,3.0,Topsoil,13.787,26-Mar-21,0.76479,34.7043,1643.58
Sichei,15.0,3.0,Subsoil,12.559,26-Mar-21,0.76479,34.7043,1643.58
Sichei,16.0,3.0,Topsoil,17.842,19-Mar-21,0.782834,34.7083,1674.85
Sichei,16.0,3.0,Subsoil,15.002,19-Mar-21,0.782834,34.7083,1674.85
Sichei,1.0,4.0,Topsoil,19.047,10-Mar-21,0.717454,34.6444,1526.18
Sichei,1.0,4.0,Subsoil,12.763,10-Mar-21,0.717454,34.6444,1526.18
Sichei,2.0,4.0,Topsoil,9.446,11-Mar-21,0.735869,34.6405,1528.81
Sichei,2.0,4.0,Subsoil,8.548,11-Mar-21,0.735869,34.6405,1528.81
Sichei,3.0,4.0,Topsoil,12.538,12-Mar-21,0.768055,34.639,1591.24
Sichei,3.0,4.0,Subsoil,9.632,12-Mar-21,0.768055,34.639,1591.24
Sichei,4.0,4.0,Topsoil,13.566,13-Mar-21,0.786018,34.6486,1619.24
Sichei,4.0,4.0,Subsoil,10.04,13-Mar-21,0.786018,34.6486,1619.24
Sichei,5.0,4.0,Topsoil,18.594,9-Mar-21,0.71676,34.6688,1499.1
Sichei,5.0,4.0,Subsoil,13.668,9-Mar-21,0.71676,34.6688,1499.1
Sichei,6.0,4.0,Topsoil,10.925,15-Mar-21,0.737433,34.6648,1517.02
Sichei,6.0,4.0,Subsoil,9.604,15-Mar-21,0.737433,34.6648,1517.02
Sichei,7.0,4.0,Topsoil,10.332,16-Mar-21,0.764663,34.6709,1615.32
Sichei,7.0,4.0,Subsoil,10.028,16-Mar-21,0.764663,34.6709,1615.32
Sichei,8.0,4.0,Topsoil,10.558,17-Mar-21,0.783321,34.6635,1622.93
Sichei,8.0,4.0,Subsoil,9.169,17-Mar-21,0.783321,34.6635,1622.93
Sichei,9.0,4.0,Topsoil,13.95,20-Mar-21,0.711049,34.6906,1483.05
Sichei,9.0,4.0,Subsoil,11.743,20-Mar-21,0.711049,34.6906,1483.05
Sichei,10.0,4.0,Topsoil,18.404,22-Mar-21,0.744804,34.6866,1565.81
Sichei,10.0,4.0,Subsoil,14.296,22-Mar-21,0.744804,34.6866,1565.81
Sichei,11.0,4.0,Topsoil,13.762,23-Mar-21,0.759256,34.6865,1615.66
Sichei,11.0,4.0,Subsoil,9.504,23-Mar-21,0.759256,34.6865,1615.66
Sichei,12.0,4.0,Topsoil,20.677,18-Mar-21,0.783575,34.68,1631.32
Sichei,12.0,4.0,Subsoil,13.604,18-Mar-21,0.783575,34.68,1631.32
Sichei,13.0,4.0,Topsoil,9.999,24-Mar-21,0.717702,34.7091,1607.57
Sichei,13.0,4.0,Subsoil,8.841,24-Mar-21,0.717702,34.7091,1607.57
Sichei,14.0,4.0,Topsoil,8.786,25-Mar-21,0.741896,34.7139,1586.45
Sichei,14.0,4.0,Subsoil,9.616,25-Mar-21,0.741896,34.7139,1586.45
Sichei,15.0,4.0,Topsoil,9.409,26-Mar-21,0.758816,34.702,1619.77
Sichei,15.0,4.0,Subsoil,8.339,26-Mar-21,0.758816,34.702,1619.77
Sichei,1.0,5.0,Topsoil,18.106,10-Mar-21,0.719263,34.6428,1521.41
Sichei,1.0,5.0,Subsoil,11.895,10-Mar-21,0.719263,34.6428,1521.41
Sichei,2.0,5.0,Topsoil,9.065,11-Mar-21,0.733406,34.6419,1536.42
Sichei,2.0,5.0,Subsoil,8.368,11-Mar-21,0.733406,34.6419,1536.42
Sichei,3.0,5.0,Topsoil,11.864,12-Mar-21,0.766514,34.6431,1609.08
Sichei,3.0,5.0,Subsoil,9.083,12-Mar-21,0.766514,34.6431,1609.08
Sichei,4.0,5.0,Topsoil,9.54,13-Mar-21,0.784588,34.6479,1612.47
Sichei,4.0,5.0,Subsoil,10.874,13-Mar-21,0.784588,34.6479,1612.47
Sichei,5.0,5.0,Topsoil,18.858,9-Mar-21,0.7153,34.6617,1532.92
Sichei,5.0,5.0,Subsoil,12.88,9-Mar-21,0.7153,34.6617,1532.92
Sichei,6.0,5.0,Topsoil,17.735,15-Mar-21,0.74249,34.6707,1549.93
Sichei,6.0,5.0,Subsoil,13.484,15-Mar-21,0.74249,34.6707,1549.93
Sichei,7.0,5.0,Topsoil,9.969,16-Mar-21,0.76487,34.6634,1585.26
Sichei,7.0,5.0,Subsoil,9.322,16-Mar-21,0.76487,34.6634,1585.26
Sichei,8.0,5.0,Topsoil,21.953,17-Mar-21,0.784587,34.6683,1612.48
Sichei,8.0,5.0,Subsoil,6.732,17-Mar-21,0.784587,34.6683,1612.48
Sichei,9.0,5.0,Topsoil,33.869,20-Mar-21,0.709913,34.6852,1479.56
Sichei,9.0,5.0,Subsoil,28.551,20-Mar-21,0.709913,34.6852,1479.56
Sichei,10.0,5.0,Topsoil,18.07,22-Mar-21,0.737236,34.6866,1521.11
Sichei,10.0,5.0,Subsoil,16.416,22-Mar-21,0.737236,34.6866,1521.11
Sichei,11.0,5.0,Topsoil,14.173,23-Mar-21,0.765267,34.6843,1629.19
Sichei,11.0,5.0,Subsoil,12.528,23-Mar-21,0.765267,34.6843,1629.19
Sichei,12.0,5.0,Topsoil,11.466,18-Mar-21,0.784718,34.6865,1639.85
Sichei,12.0,5.0,Subsoil,9.811,18-Mar-21,0.784718,34.6865,1639.85
Sichei,13.0,5.0,Topsoil,10.975,24-Mar-21,0.7149,34.7096,1587.68
Sichei,13.0,5.0,Subsoil,9.326,24-Mar-21,0.7149,34.7096,1587.68
Sichei,14.0,5.0,Topsoil,9.458,25-Mar-21,0.743445,34.715,1589.77
Sichei,14.0,5.0,Subsoil,9.156,25-Mar-21,0.743445,34.715,1589.77
Sichei,15.0,5.0,Topsoil,13.173,26-Mar-21,0.758487,34.7089,1652.42
Sichei,15.0,5.0,Subsoil,9.941,26-Mar-21,0.758487,34.7089,1652.42
Sichei,16.0,5.0,Topsoil,17.079,19-Mar-21,0.784185,34.7072,1669.9
Sichei,16.0,5.0,Subsoil,10.473,19-Mar-21,0.784185,34.7072,1669.9
Sichei,1.0,6.0,Topsoil,14.619,10-Mar-21,0.720078,34.6464,1524.77
Sichei,1.0,6.0,Subsoil,11.907,10-Mar-21,0.720078,34.6464,1524.77
Sichei,2.0,6.0,Topsoil,11.515,11-Mar-21,0.730228,34.6425,1548.87
Sichei,2.0,6.0,Subsoil,13.478,11-Mar-21,0.730228,34.6425,1548.87
Sichei,3.0,6.0,Topsoil,11.721,12-Mar-21,0.765917,34.6376,1577.79
Sichei,3.0,6.0,Subsoil,9.865,12-Mar-21,0.765917,34.6376,1577.79
Sichei,4.0,6.0,Topsoil,13.925,13-Mar-21,0.78104,34.6456,1633.16
Sichei,4.0,6.0,Subsoil,10.541,13-Mar-21,0.78104,34.6456,1633.16
Sichei,5.0,6.0,Topsoil,12.925,9-Mar-21,0.720554,34.6626,1504.77
Sichei,5.0,6.0,Subsoil,10.999,9-Mar-21,0.720554,34.6626,1504.77
Sichei,6.0,6.0,Topsoil,17.635,15-Mar-21,0.735553,34.6702,1536.23
Sichei,6.0,6.0,Subsoil,13.777,15-Mar-21,0.735553,34.6702,1536.23
Sichei,7.0,6.0,Topsoil,15.408,16-Mar-21,0.762491,34.6632,1572.26
Sichei,7.0,6.0,Subsoil,10.254,16-Mar-21,0.762491,34.6632,1572.26
Sichei,8.0,6.0,Topsoil,17.295,17-Mar-21,0.785325,34.6709,1626.96
Sichei,8.0,6.0,Subsoil,12.66,17-Mar-21,0.785325,34.6709,1626.96
Sichei,9.0,6.0,Topsoil,18.242,20-Mar-21,0.708785,34.691,1479.96
Sichei,9.0,6.0,Subsoil,16.646,20-Mar-21,0.708785,34.691,1479.96
Sichei,10.0,6.0,Topsoil,9.684,22-Mar-21,0.745767,34.6898,1555.78
Sichei,10.0,6.0,Subsoil,7.76,22-Mar-21,0.745767,34.6898,1555.78
Sichei,11.0,6.0,Topsoil,11.334,23-Mar-21,0.758736,34.6819,1625.0
Sichei,11.0,6.0,Subsoil,13.532,23-Mar-21,0.758736,34.6819,1625.0
Sichei,12.0,6.0,Topsoil,15.752,18-Mar-21,0.788485,34.6779,1652.28
Sichei,12.0,6.0,Subsoil,9.782,18-Mar-21,0.788485,34.6779,1652.28
Sichei,13.0,6.0,Topsoil,11.166,24-Mar-21,0.717583,34.7126,1609.29
Sichei,13.0,6.0,Subsoil,8.894,24-Mar-21,0.717583,34.7126,1609.29
Sichei,14.0,6.0,Topsoil,13.901,25-Mar-21,0.737564,34.7058,1538.78
Sichei,14.0,6.0,Subsoil,6.62,25-Mar-21,0.737564,34.7058,1538.78
Sichei,1.0,7.0,Topsoil,10.614,10-Mar-21,0.715996,34.6405,1539.85
Sichei,1.0,7.0,Subsoil,8.344,10-Mar-21,0.715996,34.6405,1539.85
Sichei,2.0,7.0,Topsoil,12.367,11-Mar-21,0.738556,34.641,1517.4
Sichei,2.0,7.0,Subsoil,9.449,11-Mar-21,0.738556,34.641,1517.4
Sichei,3.0,7.0,Topsoil,9.932,12-Mar-21,0.765069,34.6395,1586.23
Sichei,3.0,7.0,Subsoil,8.321,12-Mar-21,0.765069,34.6395,1586.23
Sichei,4.0,7.0,Topsoil,10.873,13-Mar-21,0.781117,34.6449,1636.29
Sichei,4.0,7.0,Subsoil,9.403,13-Mar-21,0.781117,34.6449,1636.29
Sichei,5.0,7.0,Topsoil,15.145,9-Mar-21,0.716442,34.6618,1530.55
Sichei,5.0,7.0,Subsoil,12.493,9-Mar-21,0.716442,34.6618,1530.55
Sichei,6.0,7.0,Topsoil,14.155,15-Mar-21,0.743513,34.6658,1529.93
Sichei,6.0,7.0,Subsoil,12.922,15-Mar-21,0.743513,34.6658,1529.93
Sichei,7.0,7.0,Topsoil,8.063,16-Mar-21,0.759353,34.6641,1555.31
Sichei,7.0,7.0,Subsoil,6.819,16-Mar-21,0.759353,34.6641,1555.31
Sichei,8.0,7.0,Topsoil,26.738,17-Mar-21,0.783565,34.6679,1602.44
Sichei,8.0,7.0,Subsoil,12.095,17-Mar-21,0.783565,34.6679,1602.44
Sichei,9.0,7.0,Topsoil,28.53,20-Mar-21,0.710272,34.6826,1484.04
Sichei,9.0,7.0,Subsoil,22.28,20-Mar-21,0.710272,34.6826,1484.04
Sichei,10.0,7.0,Topsoil,14.489,22-Mar-21,0.737685,34.685,1525.02
Sichei,10.0,7.0,Subsoil,14.005,22-Mar-21,0.737685,34.685,1525.02
Sichei,11.0,7.0,Topsoil,12.041,23-Mar-21,0.758663,34.6786,1606.34
Sichei,11.0,7.0,Subsoil,11.387,23-Mar-21,0.758663,34.6786,1606.34
Sichei,12.0,7.0,Topsoil,18.317,18-Mar-21,0.784343,34.6814,1614.25
Sichei,12.0,7.0,Subsoil,18.033,18-Mar-21,0.784343,34.6814,1614.25
Sichei,13.0,7.0,Topsoil,11.641,24-Mar-21,0.718548,34.7114,1600.84
Sichei,13.0,7.0,Subsoil,10.345,24-Mar-21,0.718548,34.7114,1600.84
Sichei,14.0,7.0,Topsoil,8.635,25-Mar-21,0.745854,34.7134,1607.56
Sichei,14.0,7.0,Subsoil,7.307,25-Mar-21,0.745854,34.7134,1607.56
Sichei,15.0,7.0,Topsoil,14.072,26-Mar-21,0.761804,34.7039,1637.71
Sichei,15.0,7.0,Subsoil,9.486,26-Mar-21,0.761804,34.7039,1637.71
Sichei,16.0,7.0,Topsoil,8.648,19-Mar-21,0.779441,34.7068,1658.26
Sichei,16.0,7.0,Subsoil,8.238,19-Mar-21,0.779441,34.7068,1658.26
Sichei,1.0,8.0,Topsoil,18.227,10-Mar-21,0.719202,34.6415,1521.96
Sichei,1.0,8.0,Subsoil,15.508,10-Mar-21,0.719202,34.6415,1521.96
Sichei,2.0,8.0,Topsoil,14.493,11-Mar-21,0.731477,34.6379,1550.54
Sichei,2.0,8.0,Subsoil,10.459,11-Mar-21,0.731477,34.6379,1550.54
Sichei,3.0,8.0,Topsoil,10.863,12-Mar-21,0.765102,34.6429,1604.02
Sichei,3.0,8.0,Subsoil,9.637,12-Mar-21,0.765102,34.6429,1604.02
Sichei,4.0,8.0,Topsoil,16.667,13-Mar-21,0.779784,34.6475,1619.59
Sichei,4.0,8.0,Subsoil,13.831,13-Mar-21,0.779784,34.6475,1619.59
Sichei,5.0,8.0,Topsoil,33.48,10-Mar-21,0.720619,34.67,1484.8
Sichei,5.0,8.0,Subsoil,30.578,10-Mar-21,0.720619,34.67,1484.8
Sichei,6.0,8.0,Topsoil,11.054,15-Mar-21,0.73883,34.6625,1503.28
Sichei,6.0,8.0,Subsoil,11.154,15-Mar-21,0.73883,34.6625,1503.28
Sichei,7.0,8.0,Topsoil,8.919,16-Mar-21,0.765294,34.6666,1604.59
Sichei,7.0,8.0,Subsoil,9.126,16-Mar-21,0.765294,34.6666,1604.59
Sichei,8.0,8.0,Topsoil,13.199,17-Mar-21,0.792497,34.6693,1639.89
Sichei,8.0,8.0,Subsoil,10.923,17-Mar-21,0.792497,34.6693,1639.89
Sichei,9.0,8.0,Topsoil,28.162,20-Mar-21,0.712439,34.682,1483.02
Sichei,9.0,8.0,Subsoil,18.829,20-Mar-21,0.712439,34.682,1483.02
Sichei,10.0,8.0,Topsoil,12.154,22-Mar-21,0.738344,34.6867,1531.99
Sichei,10.0,8.0,Subsoil,9.686,22-Mar-21,0.738344,34.6867,1531.99
Sichei,11.0,8.0,Topsoil,12.551,23-Mar-21,0.761171,34.6792,1618.6
Sichei,11.0,8.0,Subsoil,8.335,23-Mar-21,0.761171,34.6792,1618.6
Sichei,12.0,8.0,Topsoil,17.19,18-Mar-21,0.782614,34.6799,1639.93
Sichei,12.0,8.0,Subsoil,12.649,18-Mar-21,0.782614,34.6799,1639.93
Sichei,13.0,8.0,Topsoil,15.698,24-Mar-21,0.712946,34.7116,1595.84
Sichei,13.0,8.0,Subsoil,12.915,24-Mar-21,0.712946,34.7116,1595.84
Sichei,14.0,8.0,Topsoil,12.344,25-Mar-21,0.740042,34.7131,1569.17
Sichei,14.0,8.0,Subsoil,6.416,25-Mar-21,0.740042,34.7131,1569.17
Sichei,15.0,8.0,Topsoil,10.374,26-Mar-21,0.757361,34.7057,1630.58
Sichei,15.0,8.0,Subsoil,8.161,26-Mar-21,0.757361,34.7057,1630.58
Sichei,16.0,8.0,Topsoil,14.637,19-Mar-21,0.782309,34.7092,1675.39
Sichei,16.0,8.0,Subsoil,6.558,19-Mar-21,0.782309,34.7092,1675.39
Sichei,1.0,9.0,Topsoil,12.706,10-Mar-21,0.7114,34.6494,1510.56
Sichei,1.0,9.0,Subsoil,7.71,10-Mar-21,0.7114,34.6494,1510.56
Sichei,2.0,9.0,Topsoil,13.151,11-Mar-21,0.737092,34.6401,1526.07
Sichei,2.0,9.0,Subsoil,9.718,11-Mar-21,0.737092,34.6401,1526.07
Sichei,3.0,9.0,Topsoil,20.853,12-Mar-21,0.760869,34.6383,1558.2
Sichei,3.0,9.0,Subsoil,13.564,12-Mar-21,0.760869,34.6383,1558.2
Sichei,4.0,9.0,Topsoil,15.915,13-Mar-21,0.784951,34.6441,1642.28
Sichei,4.0,9.0,Subsoil,14.51,13-Mar-21,0.784951,34.6441,1642.28
Sichei,5.0,9.0,Topsoil,16.802,9-Mar-21,0.717294,34.6637,1519.32
Sichei,5.0,9.0,Subsoil,10.843,9-Mar-21,0.717294,34.6637,1519.32
Sichei,6.0,9.0,Topsoil,14.731,15-Mar-21,0.743078,34.6648,1520.64
Sichei,6.0,9.0,Subsoil,13.174,15-Mar-21,0.743078,34.6648,1520.64
Sichei,7.0,9.0,Topsoil,10.835,16-Mar-21,0.757602,34.6624,1546.55
Sichei,7.0,9.0,Subsoil,11.133,16-Mar-21,0.757602,34.6624,1546.55
Sichei,8.0,9.0,Topsoil,11.623,17-Mar-21,0.785452,34.6662,1618.53
Sichei,8.0,9.0,Subsoil,11.561,17-Mar-21,0.785452,34.6662,1618.53
Sichei,9.0,9.0,Topsoil,30.412,20-Mar-21,0.708379,34.6892,1477.09
Sichei,9.0,9.0,Subsoil,25.463,20-Mar-21,0.708379,34.6892,1477.09
Sichei,10.0,9.0,Topsoil,11.034,22-Mar-21,0.742852,34.6885,1550.01
Sichei,10.0,9.0,Subsoil,9.186,22-Mar-21,0.742852,34.6885,1550.01
Sichei,11.0,9.0,Topsoil,12.416,23-Mar-21,0.75793,34.6802,1609.71
Sichei,11.0,9.0,Subsoil,10.526,23-Mar-21,0.75793,34.6802,1609.71
Sichei,12.0,9.0,Topsoil,16.621,18-Mar-21,0.791906,34.6843,1659.7
Sichei,12.0,9.0,Subsoil,10.45,18-Mar-21,0.791906,34.6843,1659.7
Sichei,13.0,9.0,Topsoil,21.45,24-Mar-21,0.714088,34.7072,1577.77
Sichei,13.0,9.0,Subsoil,9.421,24-Mar-21,0.714088,34.7072,1577.77
Sichei,14.0,9.0,Topsoil,9.658,25-Mar-21,0.745898,34.7062,1570.18
Sichei,14.0,9.0,Subsoil,8.358,25-Mar-21,0.745898,34.7062,1570.18
Sichei,15.0,9.0,Topsoil,15.027,26-Mar-21,0.7664,34.7039,1639.93
Sichei,15.0,9.0,Subsoil,10.466,26-Mar-21,0.7664,34.7039,1639.93
Sichei,16.0,9.0,Topsoil,15.708,19-Mar-21,0.777912,34.7122,1680.63
Sichei,16.0,9.0,Subsoil,13.33,19-Mar-21,0.777912,34.7122,1680.63
Sichei,1.0,10.0,Topsoil,14.344,10-Mar-21,0.713709,34.6403,1544.56
Sichei,1.0,10.0,Subsoil,10.663,10-Mar-21,0.713709,34.6403,1544.56
Sichei,2.0,10.0,Topsoil,16.516,11-Mar-21,0.732969,34.6378,1551.66
Sichei,2.0,10.0,Subsoil,11.411,11-Mar-21,0.732969,34.6378,1551.66
Sichei,3.0,10.0,Topsoil,20.517,12-Mar-21,0.768719,34.6403,1607.07
Sichei,3.0,10.0,Subsoil,12.928,12-Mar-21,0.768719,34.6403,1607.07
Sichei,5.0,10.0,Topsoil,16.962,9-Mar-21,0.720289,34.6618,1513.54
Sichei,5.0,10.0,Subsoil,6.569,9-Mar-21,0.720289,34.6618,1513.54
Sichei,6.0,10.0,Topsoil,12.9,15-Mar-21,0.739472,34.6647,1525.42
Sichei,6.0,10.0,Subsoil,10.903,15-Mar-21,0.739472,34.6647,1525.42
Sichei,7.0,10.0,Topsoil,12.084,16-Mar-21,0.766405,34.661,1577.57
Sichei,7.0,10.0,Subsoil,9.293,16-Mar-21,0.766405,34.661,1577.57
Sichei,8.0,10.0,Topsoil,22.84,17-Mar-21,0.789531,34.6683,1620.4
Sichei,8.0,10.0,Subsoil,16.975,17-Mar-21,0.789531,34.6683,1620.4
Sichei,9.0,10.0,Topsoil,23.245,20-Mar-21,0.7073,34.6894,1479.24
Sichei,9.0,10.0,Subsoil,20.619,20-Mar-21,0.7073,34.6894,1479.24
Sichei,10.0,10.0,Topsoil,11.269,22-Mar-21,0.740784,34.6837,1540.4
Sichei,10.0,10.0,Subsoil,9.718,22-Mar-21,0.740784,34.6837,1540.4
Sichei,11.0,10.0,Topsoil,13.079,23-Mar-21,0.76133,34.6869,1606.57
Sichei,11.0,10.0,Subsoil,13.079,23-Mar-21,0.76133,34.6869,1606.57
Sichei,12.0,10.0,Topsoil,13.992,18-Mar-21,0.788377,34.6866,1656.92
Sichei,12.0,10.0,Subsoil,10.933,18-Mar-21,0.788377,34.6866,1656.92
Sichei,13.0,10.0,Topsoil,9.397,24-Mar-21,0.717616,34.7104,1614.21
Sichei,13.0,10.0,Subsoil,7.927,24-Mar-21,0.717616,34.7104,1614.21
Sichei,14.0,10.0,Topsoil,9.016,25-Mar-21,0.741612,34.714,1582.01
Sichei,14.0,10.0,Subsoil,9.017,25-Mar-21,0.741612,34.714,1582.01
Sichei,15.0,10.0,Topsoil,17.191,26-Mar-21,0.762596,34.7058,1652.07
Sichei,15.0,10.0,Subsoil,10.584,26-Mar-21,0.762596,34.7058,1652.07
Sichei,16.0,10.0,Topsoil,21.738,19-Mar-21,0.780769,34.7059,1659.57
Sichei,16.0,10.0,Subsoil,9.413,19-Mar-21,0.780769,34.7059,1659.57
Sichei,15.0,11.0,Topsoil,12.51,26-Mar-21,0.765428,34.7075,1659.34
Sichei,15.0,11.0,Subsoil,10.377,26-Mar-21,0.765428,34.7075,1659.34
Sichei,4.0,12.0,Topsoil,9.999,13-Mar-21,0.781935,34.6399,1647.24
Sichei,4.0,12.0,Subsoil,7.677,13-Mar-21,0.781935,34.6399,1647.24
Sichei,16.0,12.0,,,19-Mar-21,0.782327,34.7108,1678.05
Sichei,16.0,13.0,Topsoil,17.796,19-Mar-21,0.778091,34.7055,1646.89
Sichei,16.0,13.0,Subsoil,9.877,19-Mar-21,0.778091,34.7055,1646.89
